{
  "access-point": 61442,
  "access-point-network": 61443,
  "account": 61444,
  "account-alert": 61445,
  "account-box": 61446,
  "account-box-outline": 61447,
  "account-card-details": 62930,
  "account-check": 61448,
  "account-circle": 61449,
  "account-convert": 61450,
  "account-edit": 63163,
  "account-key": 61451,
  "account-location": 61452,
  "account-minus": 61453,
  "account-multiple": 61454,
  "account-multiple-minus": 62931,
  "account-multiple-outline": 61455,
  "account-multiple-plus": 61456,
  "account-network": 61457,
  "account-off": 61458,
  "account-outline": 61459,
  "account-plus": 61460,
  "account-remove": 61461,
  "account-search": 61462,
  "account-settings": 63024,
  "account-settings-variant": 63025,
  "account-star": 61463,
  "account-switch": 61465,
  "adjust": 61466,
  "air-conditioner": 61467,
  "airballoon": 61468,
  "airplane": 61469,
  "airplane-landing": 62932,
  "airplane-off": 61470,
  "airplane-takeoff": 62933,
  "airplay": 61471,
  "alarm": 61472,
  "alarm-check": 61473,
  "alarm-multiple": 61474,
  "alarm-off": 61475,
  "alarm-plus": 61476,
  "alarm-snooze": 63117,
  "album": 61477,
  "alert": 61478,
  "alert-box": 61479,
  "alert-circle": 61480,
  "alert-circle-outline": 62934,
  "alert-decagram": 63164,
  "alert-octagon": 61481,
  "alert-octagram": 63334,
  "alert-outline": 61482,
  "all-inclusive": 63165,
  "alpha": 61483,
  "alphabetical": 61484,
  "altimeter": 62935,
  "amazon": 61485,
  "amazon-clouddrive": 61486,
  "ambulance": 61487,
  "amplifier": 61488,
  "anchor": 61489,
  "android": 61490,
  "android-debug-bridge": 61491,
  "android-studio": 61492,
  "angular": 63153,
  "angularjs": 63166,
  "animation": 62936,
  "apple": 61493,
  "apple-finder": 61494,
  "apple-ios": 61495,
  "apple-keyboard-caps": 63026,
  "apple-keyboard-command": 63027,
  "apple-keyboard-control": 63028,
  "apple-keyboard-option": 63029,
  "apple-keyboard-shift": 63030,
  "apple-mobileme": 61496,
  "apple-safari": 61497,
  "application": 62996,
  "apps": 61499,
  "archive": 61500,
  "arrange-bring-forward": 61501,
  "arrange-bring-to-front": 61502,
  "arrange-send-backward": 61503,
  "arrange-send-to-back": 61504,
  "arrow-all": 61505,
  "arrow-bottom-left": 61506,
  "arrow-bottom-right": 61507,
  "arrow-compress": 62997,
  "arrow-compress-all": 61508,
  "arrow-down": 61509,
  "arrow-down-bold": 63277,
  "arrow-down-bold-box": 63278,
  "arrow-down-bold-box-outline": 63279,
  "arrow-down-bold-circle": 61511,
  "arrow-down-bold-circle-outline": 61512,
  "arrow-down-bold-hexagon-outline": 61513,
  "arrow-down-box": 63167,
  "arrow-down-drop-circle": 61514,
  "arrow-down-drop-circle-outline": 61515,
  "arrow-down-thick": 61510,
  "arrow-expand": 62998,
  "arrow-expand-all": 61516,
  "arrow-left": 61517,
  "arrow-left-bold": 63280,
  "arrow-left-bold-box": 63281,
  "arrow-left-bold-box-outline": 63282,
  "arrow-left-bold-circle": 61519,
  "arrow-left-bold-circle-outline": 61520,
  "arrow-left-bold-hexagon-outline": 61521,
  "arrow-left-box": 63168,
  "arrow-left-drop-circle": 61522,
  "arrow-left-drop-circle-outline": 61523,
  "arrow-left-thick": 61518,
  "arrow-right": 61524,
  "arrow-right-bold": 63283,
  "arrow-right-bold-box": 63284,
  "arrow-right-bold-box-outline": 63285,
  "arrow-right-bold-circle": 61526,
  "arrow-right-bold-circle-outline": 61527,
  "arrow-right-bold-hexagon-outline": 61528,
  "arrow-right-box": 63169,
  "arrow-right-drop-circle": 61529,
  "arrow-right-drop-circle-outline": 61530,
  "arrow-right-thick": 61525,
  "arrow-top-left": 61531,
  "arrow-top-right": 61532,
  "arrow-up": 61533,
  "arrow-up-bold": 63286,
  "arrow-up-bold-box": 63287,
  "arrow-up-bold-box-outline": 63288,
  "arrow-up-bold-circle": 61535,
  "arrow-up-bold-circle-outline": 61536,
  "arrow-up-bold-hexagon-outline": 61537,
  "arrow-up-box": 63170,
  "arrow-up-drop-circle": 61538,
  "arrow-up-drop-circle-outline": 61539,
  "arrow-up-thick": 61534,
  "assistant": 61540,
  "asterisk": 63171,
  "at": 61541,
  "atom": 63335,
  "attachment": 61542,
  "audiobook": 61543,
  "auto-fix": 61544,
  "auto-upload": 61545,
  "autorenew": 61546,
  "av-timer": 61547,
  "baby": 61548,
  "baby-buggy": 63118,
  "backburger": 61549,
  "backspace": 61550,
  "backup-restore": 61551,
  "bandcamp": 63092,
  "bank": 61552,
  "barcode": 61553,
  "barcode-scan": 61554,
  "barley": 61555,
  "barrel": 61556,
  "basecamp": 61557,
  "basket": 61558,
  "basket-fill": 61559,
  "basket-unfill": 61560,
  "battery": 61561,
  "battery-10": 61562,
  "battery-20": 61563,
  "battery-30": 61564,
  "battery-40": 61565,
  "battery-50": 61566,
  "battery-60": 61567,
  "battery-70": 61568,
  "battery-80": 61569,
  "battery-90": 61570,
  "battery-alert": 61571,
  "battery-charging": 61572,
  "battery-charging-100": 61573,
  "battery-charging-20": 61574,
  "battery-charging-30": 61575,
  "battery-charging-40": 61576,
  "battery-charging-60": 61577,
  "battery-charging-80": 61578,
  "battery-charging-90": 61579,
  "battery-minus": 61580,
  "battery-negative": 61581,
  "battery-outline": 61582,
  "battery-plus": 61583,
  "battery-positive": 61584,
  "battery-unknown": 61585,
  "beach": 61586,
  "beaker": 63119,
  "beats": 61591,
  "beer": 61592,
  "behance": 61593,
  "bell": 61594,
  "bell-off": 61595,
  "bell-outline": 61596,
  "bell-plus": 61597,
  "bell-ring": 61598,
  "bell-ring-outline": 61599,
  "bell-sleep": 61600,
  "beta": 61601,
  "bible": 61602,
  "bike": 61603,
  "bing": 61604,
  "binoculars": 61605,
  "bio": 61606,
  "biohazard": 61607,
  "bitbucket": 61608,
  "black-mesa": 61609,
  "blackberry": 61610,
  "blender": 61611,
  "blinds": 61612,
  "block-helper": 61613,
  "blogger": 61614,
  "bluetooth": 61615,
  "bluetooth-audio": 61616,
  "bluetooth-connect": 61617,
  "bluetooth-off": 61618,
  "bluetooth-settings": 61619,
  "bluetooth-transfer": 61620,
  "blur": 61621,
  "blur-linear": 61622,
  "blur-off": 61623,
  "blur-radial": 61624,
  "bomb": 63120,
  "bomb-off": 63172,
  "bone": 61625,
  "book": 61626,
  "book-minus": 62937,
  "book-multiple": 61627,
  "book-multiple-variant": 61628,
  "book-open": 61629,
  "book-open-page-variant": 62938,
  "book-open-variant": 61630,
  "book-plus": 62939,
  "book-variant": 61631,
  "bookmark": 61632,
  "bookmark-check": 61633,
  "bookmark-music": 61634,
  "bookmark-outline": 61635,
  "bookmark-plus": 61637,
  "bookmark-plus-outline": 61636,
  "bookmark-remove": 61638,
  "boombox": 62940,
  "bootstrap": 63173,
  "border-all": 61639,
  "border-bottom": 61640,
  "border-color": 61641,
  "border-horizontal": 61642,
  "border-inside": 61643,
  "border-left": 61644,
  "border-none": 61645,
  "border-outside": 61646,
  "border-right": 61647,
  "border-style": 61648,
  "border-top": 61649,
  "border-vertical": 61650,
  "bow-tie": 63095,
  "bowl": 62999,
  "bowling": 61651,
  "box": 61652,
  "box-cutter": 61653,
  "box-shadow": 63031,
  "bridge": 63000,
  "briefcase": 61654,
  "briefcase-check": 61655,
  "briefcase-download": 61656,
  "briefcase-upload": 61657,
  "brightness-1": 61658,
  "brightness-2": 61659,
  "brightness-3": 61660,
  "brightness-4": 61661,
  "brightness-5": 61662,
  "brightness-6": 61663,
  "brightness-7": 61664,
  "brightness-auto": 61665,
  "broom": 61666,
  "brush": 61667,
  "buffer": 63001,
  "bug": 61668,
  "bulletin-board": 61669,
  "bullhorn": 61670,
  "bullseye": 62941,
  "burst-mode": 62942,
  "bus": 61671,
  "cached": 61672,
  "cake": 61673,
  "cake-layered": 61674,
  "cake-variant": 61675,
  "calculator": 61676,
  "calendar": 61677,
  "calendar-blank": 61678,
  "calendar-check": 61679,
  "calendar-clock": 61680,
  "calendar-multiple": 61681,
  "calendar-multiple-check": 61682,
  "calendar-plus": 61683,
  "calendar-question": 63121,
  "calendar-range": 63096,
  "calendar-remove": 61684,
  "calendar-text": 61685,
  "calendar-today": 61686,
  "call-made": 61687,
  "call-merge": 61688,
  "call-missed": 61689,
  "call-received": 61690,
  "call-split": 61691,
  "camcorder": 61692,
  "camcorder-box": 61693,
  "camcorder-box-off": 61694,
  "camcorder-off": 61695,
  "camera": 61696,
  "camera-burst": 63122,
  "camera-enhance": 61697,
  "camera-front": 61698,
  "camera-front-variant": 61699,
  "camera-iris": 61700,
  "camera-off": 62943,
  "camera-party-mode": 61701,
  "camera-rear": 61702,
  "camera-rear-variant": 61703,
  "camera-switch": 61704,
  "camera-timer": 61705,
  "cancel": 63289,
  "candle": 62946,
  "candycane": 61706,
  "car": 61707,
  "car-battery": 61708,
  "car-connected": 61709,
  "car-wash": 61710,
  "cards": 63032,
  "cards-outline": 63033,
  "cards-playing-outline": 63034,
  "cards-variant": 63174,
  "carrot": 61711,
  "cart": 61712,
  "cart-off": 63083,
  "cart-outline": 61713,
  "cart-plus": 61714,
  "case-sensitive-alt": 61715,
  "cash": 61716,
  "cash-100": 61717,
  "cash-multiple": 61718,
  "cash-usd": 61719,
  "cast": 61720,
  "cast-connected": 61721,
  "cast-off": 63369,
  "castle": 61722,
  "cat": 61723,
  "ceiling-light": 63336,
  "cellphone": 61724,
  "cellphone-android": 61725,
  "cellphone-basic": 61726,
  "cellphone-dock": 61727,
  "cellphone-iphone": 61728,
  "cellphone-link": 61729,
  "cellphone-link-off": 61730,
  "cellphone-settings": 61731,
  "certificate": 61732,
  "chair-school": 61733,
  "chart-arc": 61734,
  "chart-areaspline": 61735,
  "chart-bar": 61736,
  "chart-bar-stacked": 63337,
  "chart-bubble": 62947,
  "chart-gantt": 63084,
  "chart-histogram": 61737,
  "chart-line": 61738,
  "chart-line-stacked": 63338,
  "chart-pie": 61739,
  "chart-scatterplot-hexbin": 63085,
  "chart-timeline": 63086,
  "check": 61740,
  "check-all": 61741,
  "check-circle": 62944,
  "check-circle-outline": 62945,
  "checkbox-blank": 61742,
  "checkbox-blank-circle": 61743,
  "checkbox-blank-circle-outline": 61744,
  "checkbox-blank-outline": 61745,
  "checkbox-marked": 61746,
  "checkbox-marked-circle": 61747,
  "checkbox-marked-circle-outline": 61748,
  "checkbox-marked-outline": 61749,
  "checkbox-multiple-blank": 61750,
  "checkbox-multiple-blank-circle": 63035,
  "checkbox-multiple-blank-circle-outline": 63036,
  "checkbox-multiple-blank-outline": 61751,
  "checkbox-multiple-marked": 61752,
  "checkbox-multiple-marked-circle": 63037,
  "checkbox-multiple-marked-circle-outline": 63038,
  "checkbox-multiple-marked-outline": 61753,
  "checkerboard": 61754,
  "chemical-weapon": 61755,
  "chevron-double-down": 61756,
  "chevron-double-left": 61757,
  "chevron-double-right": 61758,
  "chevron-double-up": 61759,
  "chevron-down": 61760,
  "chevron-left": 61761,
  "chevron-right": 61762,
  "chevron-up": 61763,
  "chip": 63002,
  "church": 61764,
  "circle": 63332,
  "circle-outline": 63333,
  "cisco-webex": 61765,
  "city": 61766,
  "clipboard": 61767,
  "clipboard-account": 61768,
  "clipboard-alert": 61769,
  "clipboard-arrow-down": 61770,
  "clipboard-arrow-left": 61771,
  "clipboard-check": 61772,
  "clipboard-flow": 63175,
  "clipboard-outline": 61773,
  "clipboard-plus": 63312,
  "clipboard-text": 61774,
  "clippy": 61775,
  "clock": 61776,
  "clock-alert": 62926,
  "clock-end": 61777,
  "clock-fast": 61778,
  "clock-in": 61779,
  "clock-out": 61780,
  "clock-start": 61781,
  "close": 61782,
  "close-box": 61783,
  "close-box-outline": 61784,
  "close-circle": 61785,
  "close-circle-outline": 61786,
  "close-network": 61787,
  "close-octagon": 61788,
  "close-octagon-outline": 61789,
  "close-outline": 63176,
  "closed-caption": 61790,
  "cloud": 61791,
  "cloud-check": 61792,
  "cloud-circle": 61793,
  "cloud-download": 61794,
  "cloud-off-outline": 61796,
  "cloud-outline": 61795,
  "cloud-print": 61797,
  "cloud-print-outline": 61798,
  "cloud-sync": 63039,
  "cloud-upload": 61799,
  "code-array": 61800,
  "code-braces": 61801,
  "code-brackets": 61802,
  "code-equal": 61803,
  "code-greater-than": 61804,
  "code-greater-than-or-equal": 61805,
  "code-less-than": 61806,
  "code-less-than-or-equal": 61807,
  "code-not-equal": 61808,
  "code-not-equal-variant": 61809,
  "code-parentheses": 61810,
  "code-string": 61811,
  "code-tags": 61812,
  "code-tags-check": 63123,
  "codepen": 61813,
  "coffee": 61814,
  "coffee-outline": 63177,
  "coffee-to-go": 61815,
  "coin": 61816,
  "coins": 63124,
  "collage": 63040,
  "color-helper": 61817,
  "comment": 61818,
  "comment-account": 61819,
  "comment-account-outline": 61820,
  "comment-alert": 61821,
  "comment-alert-outline": 61822,
  "comment-check": 61823,
  "comment-check-outline": 61824,
  "comment-multiple-outline": 61825,
  "comment-outline": 61826,
  "comment-plus-outline": 61827,
  "comment-processing": 61828,
  "comment-processing-outline": 61829,
  "comment-question-outline": 61830,
  "comment-remove-outline": 61831,
  "comment-text": 61832,
  "comment-text-outline": 61833,
  "compare": 61834,
  "compass": 61835,
  "compass-outline": 61836,
  "console": 61837,
  "contact-mail": 61838,
  "contacts": 63178,
  "content-copy": 61839,
  "content-cut": 61840,
  "content-duplicate": 61841,
  "content-paste": 61842,
  "content-save": 61843,
  "content-save-all": 61844,
  "content-save-settings": 63003,
  "contrast": 61845,
  "contrast-box": 61846,
  "contrast-circle": 61847,
  "cookie": 61848,
  "copyright": 62950,
  "counter": 61849,
  "cow": 61850,
  "creation": 61897,
  "credit-card": 61851,
  "credit-card-multiple": 61852,
  "credit-card-off": 62948,
  "credit-card-plus": 63093,
  "credit-card-scan": 61853,
  "crop": 61854,
  "crop-free": 61855,
  "crop-landscape": 61856,
  "crop-portrait": 61857,
  "crop-rotate": 63125,
  "crop-square": 61858,
  "crosshairs": 61859,
  "crosshairs-gps": 61860,
  "crown": 61861,
  "cube": 61862,
  "cube-outline": 61863,
  "cube-send": 61864,
  "cube-unfolded": 61865,
  "cup": 61866,
  "cup-off": 62949,
  "cup-water": 61867,
  "currency-btc": 61868,
  "currency-eur": 61869,
  "currency-gbp": 61870,
  "currency-inr": 61871,
  "currency-ngn": 61872,
  "currency-rub": 61873,
  "currency-try": 61874,
  "currency-usd": 61875,
  "currency-usd-off": 63097,
  "cursor-default": 61876,
  "cursor-default-outline": 61877,
  "cursor-move": 61878,
  "cursor-pointer": 61879,
  "cursor-text": 62951,
  "database": 61880,
  "database-minus": 61881,
  "database-plus": 61882,
  "debug-step-into": 61883,
  "debug-step-out": 61884,
  "debug-step-over": 61885,
  "decagram": 63339,
  "decagram-outline": 63340,
  "decimal-decrease": 61886,
  "decimal-increase": 61887,
  "delete": 61888,
  "delete-circle": 63106,
  "delete-empty": 63179,
  "delete-forever": 62952,
  "delete-sweep": 62953,
  "delete-variant": 61889,
  "delta": 61890,
  "deskphone": 61891,
  "desktop-mac": 61892,
  "desktop-tower": 61893,
  "details": 61894,
  "developer-board": 63126,
  "deviantart": 61895,
  "dialpad": 63004,
  "diamond": 61896,
  "dice-1": 61898,
  "dice-2": 61899,
  "dice-3": 61900,
  "dice-4": 61901,
  "dice-5": 61902,
  "dice-6": 61903,
  "dice-d10": 63342,
  "dice-d20": 62954,
  "dice-d4": 62955,
  "dice-d6": 62956,
  "dice-d8": 62957,
  "dice-multiple": 63341,
  "dictionary": 63005,
  "directions": 61904,
  "directions-fork": 63041,
  "discord": 63087,
  "disk": 62958,
  "disk-alert": 61905,
  "disqus": 61906,
  "disqus-outline": 61907,
  "division": 61908,
  "division-box": 61909,
  "dna": 63107,
  "dns": 61910,
  "do-not-disturb": 63127,
  "do-not-disturb-off": 63128,
  "dolby": 63154,
  "domain": 61911,
  "dots-horizontal": 61912,
  "dots-vertical": 61913,
  "douban": 63129,
  "download": 61914,
  "download-network": 63219,
  "drag": 61915,
  "drag-horizontal": 61916,
  "drag-vertical": 61917,
  "drawing": 61918,
  "drawing-box": 61919,
  "dribbble": 61920,
  "dribbble-box": 61921,
  "drone": 61922,
  "dropbox": 61923,
  "drupal": 61924,
  "duck": 61925,
  "dumbbell": 61926,
  "earth": 61927,
  "earth-box": 63180,
  "earth-box-off": 63181,
  "earth-off": 61928,
  "edge": 61929,
  "eject": 61930,
  "elevation-decline": 61931,
  "elevation-rise": 61932,
  "elevator": 61933,
  "email": 61934,
  "email-alert": 63182,
  "email-open": 61935,
  "email-open-outline": 62959,
  "email-outline": 61936,
  "email-secure": 61937,
  "email-variant": 62960,
  "emby": 63155,
  "emoticon": 61938,
  "emoticon-cool": 61939,
  "emoticon-dead": 63130,
  "emoticon-devil": 61940,
  "emoticon-excited": 63131,
  "emoticon-happy": 61941,
  "emoticon-neutral": 61942,
  "emoticon-poop": 61943,
  "emoticon-sad": 61944,
  "emoticon-tongue": 61945,
  "engine": 61946,
  "engine-outline": 61947,
  "equal": 61948,
  "equal-box": 61949,
  "eraser": 61950,
  "eraser-variant": 63042,
  "escalator": 61951,
  "ethernet": 61952,
  "ethernet-cable": 61953,
  "ethernet-cable-off": 61954,
  "etsy": 61955,
  "ev-station": 62961,
  "evernote": 61956,
  "exclamation": 61957,
  "exit-to-app": 61958,
  "export": 61959,
  "eye": 61960,
  "eye-off": 61961,
  "eye-off-outline": 63184,
  "eye-outline": 63183,
  "eyedropper": 61962,
  "eyedropper-variant": 61963,
  "face": 63043,
  "face-profile": 63044,
  "facebook": 61964,
  "facebook-box": 61965,
  "facebook-messenger": 61966,
  "factory": 61967,
  "fan": 61968,
  "fast-forward": 61969,
  "fast-forward-outline": 63185,
  "fax": 61970,
  "feather": 63186,
  "ferry": 61971,
  "file": 61972,
  "file-account": 63290,
  "file-chart": 61973,
  "file-check": 61974,
  "file-cloud": 61975,
  "file-delimited": 61976,
  "file-document": 61977,
  "file-document-box": 61978,
  "file-excel": 61979,
  "file-excel-box": 61980,
  "file-export": 61981,
  "file-find": 61982,
  "file-hidden": 62995,
  "file-image": 61983,
  "file-import": 61984,
  "file-lock": 61985,
  "file-multiple": 61986,
  "file-music": 61987,
  "file-outline": 61988,
  "file-pdf": 61989,
  "file-pdf-box": 61990,
  "file-plus": 63313,
  "file-powerpoint": 61991,
  "file-powerpoint-box": 61992,
  "file-presentation-box": 61993,
  "file-restore": 63088,
  "file-send": 61994,
  "file-tree": 63045,
  "file-video": 61995,
  "file-word": 61996,
  "file-word-box": 61997,
  "file-xml": 61998,
  "film": 61999,
  "filmstrip": 62000,
  "filmstrip-off": 62001,
  "filter": 62002,
  "filter-outline": 62003,
  "filter-remove": 62004,
  "filter-remove-outline": 62005,
  "filter-variant": 62006,
  "find-replace": 63187,
  "fingerprint": 62007,
  "fire": 62008,
  "firefox": 62009,
  "fish": 62010,
  "flag": 62011,
  "flag-checkered": 62012,
  "flag-outline": 62013,
  "flag-outline-variant": 62014,
  "flag-triangle": 62015,
  "flag-variant": 62016,
  "flash": 62017,
  "flash-auto": 62018,
  "flash-off": 62019,
  "flash-outline": 63188,
  "flash-red-eye": 63098,
  "flashlight": 62020,
  "flashlight-off": 62021,
  "flask": 61587,
  "flask-empty": 61588,
  "flask-empty-outline": 61589,
  "flask-outline": 61590,
  "flattr": 62022,
  "flip-to-back": 62023,
  "flip-to-front": 62024,
  "floppy": 62025,
  "flower": 62026,
  "folder": 62027,
  "folder-account": 62028,
  "folder-download": 62029,
  "folder-google-drive": 62030,
  "folder-image": 62031,
  "folder-lock": 62032,
  "folder-lock-open": 62033,
  "folder-move": 62034,
  "folder-multiple": 62035,
  "folder-multiple-image": 62036,
  "folder-multiple-outline": 62037,
  "folder-open": 63343,
  "folder-outline": 62038,
  "folder-plus": 62039,
  "folder-remove": 62040,
  "folder-star": 63132,
  "folder-upload": 62041,
  "font-awesome": 61498,
  "food": 62042,
  "food-apple": 62043,
  "food-fork-drink": 62962,
  "food-off": 62963,
  "food-variant": 62044,
  "football": 62045,
  "football-australian": 62046,
  "football-helmet": 62047,
  "format-align-bottom": 63314,
  "format-align-center": 62048,
  "format-align-justify": 62049,
  "format-align-left": 62050,
  "format-align-middle": 63315,
  "format-align-right": 62051,
  "format-align-top": 63316,
  "format-annotation-plus": 63046,
  "format-bold": 62052,
  "format-clear": 62053,
  "format-color-fill": 62054,
  "format-color-text": 63133,
  "format-float-center": 62055,
  "format-float-left": 62056,
  "format-float-none": 62057,
  "format-float-right": 62058,
  "format-font": 63189,
  "format-header-1": 62059,
  "format-header-2": 62060,
  "format-header-3": 62061,
  "format-header-4": 62062,
  "format-header-5": 62063,
  "format-header-6": 62064,
  "format-header-decrease": 62065,
  "format-header-equal": 62066,
  "format-header-increase": 62067,
  "format-header-pound": 62068,
  "format-horizontal-align-center": 63006,
  "format-horizontal-align-left": 63007,
  "format-horizontal-align-right": 63008,
  "format-indent-decrease": 62069,
  "format-indent-increase": 62070,
  "format-italic": 62071,
  "format-line-spacing": 62072,
  "format-line-style": 62920,
  "format-line-weight": 62921,
  "format-list-bulleted": 62073,
  "format-list-bulleted-type": 62074,
  "format-list-checks": 63317,
  "format-list-numbers": 62075,
  "format-page-break": 63190,
  "format-paint": 62076,
  "format-paragraph": 62077,
  "format-pilcrow": 63191,
  "format-quote-close": 62078,
  "format-quote-open": 63318,
  "format-rotate-90": 63145,
  "format-section": 63134,
  "format-size": 62079,
  "format-strikethrough": 62080,
  "format-strikethrough-variant": 62081,
  "format-subscript": 62082,
  "format-superscript": 62083,
  "format-text": 62084,
  "format-textdirection-l-to-r": 62085,
  "format-textdirection-r-to-l": 62086,
  "format-title": 62964,
  "format-underline": 62087,
  "format-vertical-align-bottom": 63009,
  "format-vertical-align-center": 63010,
  "format-vertical-align-top": 63011,
  "format-wrap-inline": 62088,
  "format-wrap-square": 62089,
  "format-wrap-tight": 62090,
  "format-wrap-top-bottom": 62091,
  "forum": 62092,
  "forward": 62093,
  "foursquare": 62094,
  "fridge": 62095,
  "fridge-filled": 62096,
  "fridge-filled-bottom": 62097,
  "fridge-filled-top": 62098,
  "fullscreen": 62099,
  "fullscreen-exit": 62100,
  "function": 62101,
  "gamepad": 62102,
  "gamepad-variant": 62103,
  "garage": 63192,
  "garage-open": 63193,
  "gas-cylinder": 63047,
  "gas-station": 62104,
  "gate": 62105,
  "gauge": 62106,
  "gavel": 62107,
  "gender-female": 62108,
  "gender-male": 62109,
  "gender-male-female": 62110,
  "gender-transgender": 62111,
  "gesture-double-tap": 63291,
  "gesture-swipe-down": 63292,
  "gesture-swipe-left": 63293,
  "gesture-swipe-right": 63294,
  "gesture-swipe-up": 63295,
  "gesture-tap": 63296,
  "gesture-two-double-tap": 63297,
  "gesture-two-tap": 63298,
  "ghost": 62112,
  "gift": 62113,
  "git": 62114,
  "github-box": 62115,
  "github-circle": 62116,
  "github-face": 63194,
  "glass-flute": 62117,
  "glass-mug": 62118,
  "glass-stange": 62119,
  "glass-tulip": 62120,
  "glassdoor": 62121,
  "glasses": 62122,
  "gmail": 62123,
  "gnome": 62124,
  "gondola": 63109,
  "google": 62125,
  "google-cardboard": 62126,
  "google-chrome": 62127,
  "google-circles": 62128,
  "google-circles-communities": 62129,
  "google-circles-extended": 62130,
  "google-circles-group": 62131,
  "google-controller": 62132,
  "google-controller-off": 62133,
  "google-drive": 62134,
  "google-earth": 62135,
  "google-glass": 62136,
  "google-keep": 63195,
  "google-maps": 62965,
  "google-nearby": 62137,
  "google-pages": 62138,
  "google-photos": 63196,
  "google-physical-web": 62139,
  "google-play": 62140,
  "google-plus": 62141,
  "google-plus-box": 62142,
  "google-translate": 62143,
  "google-wallet": 62144,
  "gradient": 63135,
  "grease-pencil": 63048,
  "grid": 62145,
  "grid-large": 63319,
  "grid-off": 62146,
  "group": 62147,
  "guitar-acoustic": 63344,
  "guitar-electric": 62148,
  "guitar-pick": 62149,
  "guitar-pick-outline": 62150,
  "hackernews": 63012,
  "hamburger": 63108,
  "hand-pointing-right": 62151,
  "hanger": 62152,
  "hangouts": 62153,
  "harddisk": 62154,
  "headphones": 62155,
  "headphones-box": 62156,
  "headphones-settings": 62157,
  "headset": 62158,
  "headset-dock": 62159,
  "headset-off": 62160,
  "heart": 62161,
  "heart-box": 62162,
  "heart-box-outline": 62163,
  "heart-broken": 62164,
  "heart-half": 63198,
  "heart-half-full": 63197,
  "heart-half-outline": 63199,
  "heart-off": 63320,
  "heart-outline": 62165,
  "heart-pulse": 62966,
  "help": 62166,
  "help-box": 63370,
  "help-circle": 62167,
  "help-circle-outline": 63013,
  "help-network": 63220,
  "hexagon": 62168,
  "hexagon-multiple": 63200,
  "hexagon-outline": 62169,
  "highway": 62967,
  "history": 62170,
  "hololens": 62171,
  "home": 62172,
  "home-map-marker": 62968,
  "home-modern": 62173,
  "home-outline": 63136,
  "home-variant": 62174,
  "hook": 63201,
  "hook-off": 63202,
  "hops": 62175,
  "hospital": 62176,
  "hospital-building": 62177,
  "hospital-marker": 62178,
  "hotel": 62179,
  "houzz": 62180,
  "houzz-box": 62181,
  "human": 62182,
  "human-child": 62183,
  "human-female": 63049,
  "human-greeting": 63050,
  "human-handsdown": 63051,
  "human-handsup": 63052,
  "human-male": 63053,
  "human-male-female": 62184,
  "human-pregnant": 62927,
  "humble-bundle": 63299,
  "image": 62185,
  "image-album": 62186,
  "image-area": 62187,
  "image-area-close": 62188,
  "image-broken": 62189,
  "image-broken-variant": 62190,
  "image-filter": 62191,
  "image-filter-black-white": 62192,
  "image-filter-center-focus": 62193,
  "image-filter-center-focus-weak": 62194,
  "image-filter-drama": 62195,
  "image-filter-frames": 62196,
  "image-filter-hdr": 62197,
  "image-filter-none": 62198,
  "image-filter-tilt-shift": 62199,
  "image-filter-vintage": 62200,
  "image-multiple": 62201,
  "import": 62202,
  "inbox": 63110,
  "inbox-arrow-down": 62203,
  "inbox-arrow-up": 62417,
  "incognito": 62969,
  "infinity": 63203,
  "information": 62204,
  "information-outline": 62205,
  "information-variant": 63054,
  "instagram": 62206,
  "instapaper": 62207,
  "internet-explorer": 62208,
  "invert-colors": 62209,
  "itunes": 63094,
  "jeepney": 62210,
  "jira": 62211,
  "jsfiddle": 62212,
  "json": 63014,
  "keg": 62213,
  "kettle": 62970,
  "key": 62214,
  "key-change": 62215,
  "key-minus": 62216,
  "key-plus": 62217,
  "key-remove": 62218,
  "key-variant": 62219,
  "keyboard": 62220,
  "keyboard-backspace": 62221,
  "keyboard-caps": 62222,
  "keyboard-close": 62223,
  "keyboard-off": 62224,
  "keyboard-return": 62225,
  "keyboard-tab": 62226,
  "keyboard-variant": 62227,
  "kickstarter": 63300,
  "kodi": 62228,
  "label": 62229,
  "label-outline": 62230,
  "lambda": 63015,
  "lamp": 63156,
  "lan": 62231,
  "lan-connect": 62232,
  "lan-disconnect": 62233,
  "lan-pending": 62234,
  "language-c": 63089,
  "language-cpp": 63090,
  "language-csharp": 62235,
  "language-css3": 62236,
  "language-html5": 62237,
  "language-javascript": 62238,
  "language-php": 62239,
  "language-python": 62240,
  "language-python-text": 62241,
  "language-swift": 63204,
  "language-typescript": 63205,
  "laptop": 62242,
  "laptop-chromebook": 62243,
  "laptop-mac": 62244,
  "laptop-off": 63206,
  "laptop-windows": 62245,
  "lastfm": 62246,
  "launch": 62247,
  "layers": 62248,
  "layers-off": 62249,
  "lead-pencil": 63055,
  "leaf": 62250,
  "led-off": 62251,
  "led-on": 62252,
  "led-outline": 62253,
  "led-variant-off": 62254,
  "led-variant-on": 62255,
  "led-variant-outline": 62256,
  "library": 62257,
  "library-books": 62258,
  "library-music": 62259,
  "library-plus": 62260,
  "lightbulb": 62261,
  "lightbulb-on": 63207,
  "lightbulb-on-outline": 63208,
  "lightbulb-outline": 62262,
  "link": 62263,
  "link-off": 62264,
  "link-variant": 62265,
  "link-variant-off": 62266,
  "linkedin": 62267,
  "linkedin-box": 62268,
  "linux": 62269,
  "loading": 63345,
  "lock": 62270,
  "lock-open": 62271,
  "lock-open-outline": 62272,
  "lock-outline": 62273,
  "lock-pattern": 63209,
  "lock-plus": 62971,
  "lock-reset": 63346,
  "login": 62274,
  "login-variant": 62972,
  "logout": 62275,
  "logout-variant": 62973,
  "looks": 62276,
  "loop": 63210,
  "loupe": 62277,
  "lumx": 62278,
  "magnet": 62279,
  "magnet-on": 62280,
  "magnify": 62281,
  "magnify-minus": 62282,
  "magnify-minus-outline": 63211,
  "magnify-plus": 62283,
  "magnify-plus-outline": 63212,
  "mail-ru": 62284,
  "mailbox": 63213,
  "map": 62285,
  "map-marker": 62286,
  "map-marker-circle": 62287,
  "map-marker-minus": 63056,
  "map-marker-multiple": 62288,
  "map-marker-off": 62289,
  "map-marker-plus": 63057,
  "map-marker-radius": 62290,
  "margin": 62291,
  "markdown": 62292,
  "marker": 63058,
  "marker-check": 62293,
  "martini": 62294,
  "material-ui": 62295,
  "math-compass": 62296,
  "matrix": 63016,
  "maxcdn": 62297,
  "medical-bag": 63214,
  "medium": 62298,
  "memory": 62299,
  "menu": 62300,
  "menu-down": 62301,
  "menu-down-outline": 63157,
  "menu-left": 62302,
  "menu-right": 62303,
  "menu-up": 62304,
  "menu-up-outline": 63158,
  "message": 62305,
  "message-alert": 62306,
  "message-bulleted": 63137,
  "message-bulleted-off": 63138,
  "message-draw": 62307,
  "message-image": 62308,
  "message-outline": 62309,
  "message-plus": 63059,
  "message-processing": 62310,
  "message-reply": 62311,
  "message-reply-text": 62312,
  "message-settings": 63215,
  "message-settings-variant": 63216,
  "message-text": 62313,
  "message-text-outline": 62314,
  "message-video": 62315,
  "meteor": 63017,
  "microphone": 62316,
  "microphone-off": 62317,
  "microphone-outline": 62318,
  "microphone-settings": 62319,
  "microphone-variant": 62320,
  "microphone-variant-off": 62321,
  "microscope": 63060,
  "microsoft": 62322,
  "minecraft": 62323,
  "minus": 62324,
  "minus-box": 62325,
  "minus-box-outline": 63217,
  "minus-circle": 62326,
  "minus-circle-outline": 62327,
  "minus-network": 62328,
  "mixcloud": 63018,
  "monitor": 62329,
  "monitor-multiple": 62330,
  "more": 62331,
  "motorbike": 62332,
  "mouse": 62333,
  "mouse-off": 62334,
  "mouse-variant": 62335,
  "mouse-variant-off": 62336,
  "move-resize": 63061,
  "move-resize-variant": 63062,
  "movie": 62337,
  "multiplication": 62338,
  "multiplication-box": 62339,
  "music": 63321,
  "music-box": 62340,
  "music-box-outline": 62341,
  "music-circle": 62342,
  "music-note": 62343,
  "music-note-bluetooth": 62974,
  "music-note-bluetooth-off": 62975,
  "music-note-eighth": 62344,
  "music-note-half": 62345,
  "music-note-off": 62346,
  "music-note-quarter": 62347,
  "music-note-sixteenth": 62348,
  "music-note-whole": 62349,
  "music-off": 63322,
  "nature": 62350,
  "nature-people": 62351,
  "navigation": 62352,
  "near-me": 62925,
  "needle": 62353,
  "nest-protect": 62354,
  "nest-thermostat": 62355,
  "netflix": 63301,
  "network": 63218,
  "new-box": 62356,
  "newspaper": 62357,
  "nfc": 62358,
  "nfc-tap": 62359,
  "nfc-variant": 62360,
  "ninja": 63347,
  "nodejs": 62361,
  "note": 62362,
  "note-multiple": 63159,
  "note-multiple-outline": 63160,
  "note-outline": 62363,
  "note-plus": 62364,
  "note-plus-outline": 62365,
  "note-text": 62366,
  "notification-clear-all": 62367,
  "npm": 63222,
  "nuke": 63139,
  "numeric": 62368,
  "numeric-0-box": 62369,
  "numeric-0-box-multiple-outline": 62370,
  "numeric-0-box-outline": 62371,
  "numeric-1-box": 62372,
  "numeric-1-box-multiple-outline": 62373,
  "numeric-1-box-outline": 62374,
  "numeric-2-box": 62375,
  "numeric-2-box-multiple-outline": 62376,
  "numeric-2-box-outline": 62377,
  "numeric-3-box": 62378,
  "numeric-3-box-multiple-outline": 62379,
  "numeric-3-box-outline": 62380,
  "numeric-4-box": 62381,
  "numeric-4-box-multiple-outline": 62382,
  "numeric-4-box-outline": 62383,
  "numeric-5-box": 62384,
  "numeric-5-box-multiple-outline": 62385,
  "numeric-5-box-outline": 62386,
  "numeric-6-box": 62387,
  "numeric-6-box-multiple-outline": 62388,
  "numeric-6-box-outline": 62389,
  "numeric-7-box": 62390,
  "numeric-7-box-multiple-outline": 62391,
  "numeric-7-box-outline": 62392,
  "numeric-8-box": 62393,
  "numeric-8-box-multiple-outline": 62394,
  "numeric-8-box-outline": 62395,
  "numeric-9-box": 62396,
  "numeric-9-box-multiple-outline": 62397,
  "numeric-9-box-outline": 62398,
  "numeric-9-plus-box": 62399,
  "numeric-9-plus-box-multiple-outline": 62400,
  "numeric-9-plus-box-outline": 62401,
  "nut": 63223,
  "nutrition": 62402,
  "oar": 63099,
  "octagon": 62403,
  "octagon-outline": 62404,
  "octagram": 63224,
  "octagram-outline": 63348,
  "odnoklassniki": 62405,
  "office": 62406,
  "oil": 62407,
  "oil-temperature": 62408,
  "omega": 62409,
  "onedrive": 62410,
  "onenote": 63302,
  "opacity": 62924,
  "open-in-app": 62411,
  "open-in-new": 62412,
  "openid": 62413,
  "opera": 62414,
  "orbit": 61464,
  "ornament": 62415,
  "ornament-variant": 62416,
  "owl": 62418,
  "package": 62419,
  "package-down": 62420,
  "package-up": 62421,
  "package-variant": 62422,
  "package-variant-closed": 62423,
  "page-first": 62976,
  "page-last": 62977,
  "page-layout-body": 63225,
  "page-layout-footer": 63226,
  "page-layout-header": 63227,
  "page-layout-sidebar-left": 63228,
  "page-layout-sidebar-right": 63229,
  "palette": 62424,
  "palette-advanced": 62425,
  "panda": 62426,
  "pandora": 62427,
  "panorama": 62428,
  "panorama-fisheye": 62429,
  "panorama-horizontal": 62430,
  "panorama-vertical": 62431,
  "panorama-wide-angle": 62432,
  "paper-cut-vertical": 62433,
  "paperclip": 62434,
  "parking": 62435,
  "pause": 62436,
  "pause-circle": 62437,
  "pause-circle-outline": 62438,
  "pause-octagon": 62439,
  "pause-octagon-outline": 62440,
  "paw": 62441,
  "paw-off": 63063,
  "pen": 62442,
  "pencil": 62443,
  "pencil-box": 62444,
  "pencil-box-outline": 62445,
  "pencil-circle": 63230,
  "pencil-circle-outline": 63349,
  "pencil-lock": 62446,
  "pencil-off": 62447,
  "pentagon": 63231,
  "pentagon-outline": 63232,
  "percent": 62448,
  "periscope": 63303,
  "pharmacy": 62449,
  "phone": 62450,
  "phone-bluetooth": 62451,
  "phone-classic": 62978,
  "phone-forward": 62452,
  "phone-hangup": 62453,
  "phone-in-talk": 62454,
  "phone-incoming": 62455,
  "phone-locked": 62456,
  "phone-log": 62457,
  "phone-minus": 63064,
  "phone-missed": 62458,
  "phone-outgoing": 62459,
  "phone-paused": 62460,
  "phone-plus": 63065,
  "phone-settings": 62461,
  "phone-voip": 62462,
  "pi": 62463,
  "pi-box": 62464,
  "piano": 63100,
  "pig": 62465,
  "pill": 62466,
  "pillar": 63233,
  "pin": 62467,
  "pin-off": 62468,
  "pine-tree": 62469,
  "pine-tree-box": 62470,
  "pinterest": 62471,
  "pinterest-box": 62472,
  "pistol": 63234,
  "pizza": 62473,
  "plane-shield": 63162,
  "play": 62474,
  "play-box-outline": 62475,
  "play-circle": 62476,
  "play-circle-outline": 62477,
  "play-pause": 62478,
  "play-protected-content": 62479,
  "playlist-check": 62919,
  "playlist-minus": 62480,
  "playlist-play": 62481,
  "playlist-plus": 62482,
  "playlist-remove": 62483,
  "playstation": 62484,
  "plex": 63161,
  "plus": 62485,
  "plus-box": 62486,
  "plus-box-outline": 63235,
  "plus-circle": 62487,
  "plus-circle-multiple-outline": 62488,
  "plus-circle-outline": 62489,
  "plus-network": 62490,
  "plus-one": 62491,
  "plus-outline": 63236,
  "pocket": 62492,
  "pokeball": 62493,
  "polaroid": 62494,
  "poll": 62495,
  "poll-box": 62496,
  "polymer": 62497,
  "pool": 62982,
  "popcorn": 62498,
  "pot": 63066,
  "pot-mix": 63067,
  "pound": 62499,
  "pound-box": 62500,
  "power": 62501,
  "power-plug": 63140,
  "power-plug-off": 63141,
  "power-settings": 62502,
  "power-socket": 62503,
  "prescription": 63237,
  "presentation": 62504,
  "presentation-play": 62505,
  "printer": 62506,
  "printer-3d": 62507,
  "printer-alert": 62508,
  "printer-settings": 63238,
  "priority-high": 62979,
  "priority-low": 62980,
  "professional-hexagon": 62509,
  "projector": 62510,
  "projector-screen": 62511,
  "publish": 63142,
  "pulse": 62512,
  "puzzle": 62513,
  "qqchat": 62981,
  "qrcode": 62514,
  "qrcode-scan": 62515,
  "quadcopter": 62516,
  "quality-high": 62517,
  "quicktime": 62518,
  "radar": 62519,
  "radiator": 62520,
  "radio": 62521,
  "radio-handheld": 62522,
  "radio-tower": 62523,
  "radioactive": 62524,
  "radiobox-blank": 62525,
  "radiobox-marked": 62526,
  "raspberrypi": 62527,
  "ray-end": 62528,
  "ray-end-arrow": 62529,
  "ray-start": 62530,
  "ray-start-arrow": 62531,
  "ray-start-end": 62532,
  "ray-vertex": 62533,
  "rdio": 62534,
  "react": 63239,
  "read": 62535,
  "readability": 62536,
  "receipt": 62537,
  "record": 62538,
  "record-rec": 62539,
  "recycle": 62540,
  "reddit": 62541,
  "redo": 62542,
  "redo-variant": 62543,
  "refresh": 62544,
  "regex": 62545,
  "relative-scale": 62546,
  "reload": 62547,
  "remote": 62548,
  "rename-box": 62549,
  "reorder-horizontal": 63111,
  "reorder-vertical": 63112,
  "repeat": 62550,
  "repeat-off": 62551,
  "repeat-once": 62552,
  "replay": 62553,
  "reply": 62554,
  "reply-all": 62555,
  "reproduction": 62556,
  "resize-bottom-right": 62557,
  "responsive": 62558,
  "restart": 63240,
  "restore": 63143,
  "rewind": 62559,
  "rewind-outline": 63241,
  "rhombus": 63242,
  "rhombus-outline": 63243,
  "ribbon": 62560,
  "road": 62561,
  "road-variant": 62562,
  "robot": 63144,
  "rocket": 62563,
  "roomba": 63244,
  "rotate-3d": 62564,
  "rotate-left": 62565,
  "rotate-left-variant": 62566,
  "rotate-right": 62567,
  "rotate-right-variant": 62568,
  "rounded-corner": 62983,
  "router-wireless": 62569,
  "routes": 62570,
  "rowing": 62984,
  "rss": 62571,
  "rss-box": 62572,
  "ruler": 62573,
  "run": 63245,
  "run-fast": 62574,
  "sale": 62575,
  "satellite": 62576,
  "satellite-variant": 62577,
  "saxophone": 62985,
  "scale": 62578,
  "scale-balance": 62929,
  "scale-bathroom": 62579,
  "scanner": 63146,
  "school": 62580,
  "screen-rotation": 62581,
  "screen-rotation-lock": 62582,
  "screwdriver": 62583,
  "script": 62584,
  "sd": 62585,
  "seal": 62586,
  "search-web": 63246,
  "seat-flat": 62587,
  "seat-flat-angled": 62588,
  "seat-individual-suite": 62589,
  "seat-legroom-extra": 62590,
  "seat-legroom-normal": 62591,
  "seat-legroom-reduced": 62592,
  "seat-recline-extra": 62593,
  "seat-recline-normal": 62594,
  "security": 62595,
  "security-home": 63113,
  "security-network": 62596,
  "select": 62597,
  "select-all": 62598,
  "select-inverse": 62599,
  "select-off": 62600,
  "selection": 62601,
  "selection-off": 63350,
  "send": 62602,
  "serial-port": 63068,
  "server": 62603,
  "server-minus": 62604,
  "server-network": 62605,
  "server-network-off": 62606,
  "server-off": 62607,
  "server-plus": 62608,
  "server-remove": 62609,
  "server-security": 62610,
  "set-all": 63351,
  "set-center": 63352,
  "set-center-right": 63353,
  "set-left": 63354,
  "set-left-center": 63355,
  "set-left-right": 63356,
  "set-none": 63357,
  "set-right": 63358,
  "settings": 62611,
  "settings-box": 62612,
  "shape-circle-plus": 63069,
  "shape-plus": 62613,
  "shape-polygon-plus": 63070,
  "shape-rectangle-plus": 63071,
  "shape-square-plus": 63072,
  "share": 62614,
  "share-variant": 62615,
  "shield": 62616,
  "shield-half-full": 63359,
  "shield-outline": 62617,
  "shopping": 62618,
  "shopping-music": 62619,
  "shovel": 63247,
  "shovel-off": 63248,
  "shredder": 62620,
  "shuffle": 62621,
  "shuffle-disabled": 62622,
  "shuffle-variant": 62623,
  "sigma": 62624,
  "sigma-lower": 63019,
  "sign-caution": 62625,
  "sign-direction": 63360,
  "sign-text": 63361,
  "signal": 62626,
  "signal-2g": 63249,
  "signal-3g": 63250,
  "signal-4g": 63251,
  "signal-hspa": 63252,
  "signal-hspa-plus": 63253,
  "signal-off": 63362,
  "signal-variant": 62986,
  "silverware": 62627,
  "silverware-fork": 62628,
  "silverware-spoon": 62629,
  "silverware-variant": 62630,
  "sim": 62631,
  "sim-alert": 62632,
  "sim-off": 62633,
  "sitemap": 62634,
  "skip-backward": 62635,
  "skip-forward": 62636,
  "skip-next": 62637,
  "skip-next-circle": 63073,
  "skip-next-circle-outline": 63074,
  "skip-previous": 62638,
  "skip-previous-circle": 63075,
  "skip-previous-circle-outline": 63076,
  "skull": 63115,
  "skype": 62639,
  "skype-business": 62640,
  "slack": 62641,
  "sleep": 62642,
  "sleep-off": 62643,
  "smoking": 62644,
  "smoking-off": 62645,
  "snapchat": 62646,
  "snowflake": 63254,
  "snowman": 62647,
  "soccer": 62648,
  "sofa": 62649,
  "solid": 63116,
  "sort": 62650,
  "sort-alphabetical": 62651,
  "sort-ascending": 62652,
  "sort-descending": 62653,
  "sort-numeric": 62654,
  "sort-variant": 62655,
  "soundcloud": 62656,
  "source-branch": 63020,
  "source-commit": 63255,
  "source-commit-end": 63256,
  "source-commit-end-local": 63257,
  "source-commit-local": 63258,
  "source-commit-next-local": 63259,
  "source-commit-start": 63260,
  "source-commit-start-next-local": 63261,
  "source-fork": 62657,
  "source-merge": 63021,
  "source-pull": 62658,
  "speaker": 62659,
  "speaker-off": 62660,
  "speaker-wireless": 63262,
  "speedometer": 62661,
  "spellcheck": 62662,
  "spotify": 62663,
  "spotlight": 62664,
  "spotlight-beam": 62665,
  "spray": 63077,
  "square": 63331,
  "square-inc": 62666,
  "square-inc-cash": 62667,
  "square-outline": 63330,
  "square-root": 63363,
  "stackexchange": 62987,
  "stackoverflow": 62668,
  "stadium": 63263,
  "stairs": 62669,
  "star": 62670,
  "star-circle": 62671,
  "star-half": 62672,
  "star-off": 62673,
  "star-outline": 62674,
  "steam": 62675,
  "steering": 62676,
  "step-backward": 62677,
  "step-backward-2": 62678,
  "step-forward": 62679,
  "step-forward-2": 62680,
  "stethoscope": 62681,
  "sticker": 62928,
  "sticker-emoji": 63364,
  "stocking": 62682,
  "stop": 62683,
  "stop-circle": 63078,
  "stop-circle-outline": 63079,
  "store": 62684,
  "store-24-hour": 62685,
  "stove": 62686,
  "subdirectory-arrow-left": 62988,
  "subdirectory-arrow-right": 62989,
  "subway": 63147,
  "subway-variant": 62687,
  "summit": 63365,
  "sunglasses": 62688,
  "surround-sound": 62917,
  "svg": 63264,
  "swap-horizontal": 62689,
  "swap-vertical": 62690,
  "swim": 62691,
  "switch": 62692,
  "sword": 62693,
  "sword-cross": 63366,
  "sync": 62694,
  "sync-alert": 62695,
  "sync-off": 62696,
  "tab": 62697,
  "tab-plus": 63323,
  "tab-unselected": 62698,
  "table": 62699,
  "table-column-plus-after": 62700,
  "table-column-plus-before": 62701,
  "table-column-remove": 62702,
  "table-column-width": 62703,
  "table-edit": 62704,
  "table-large": 62705,
  "table-row-height": 62706,
  "table-row-plus-after": 62707,
  "table-row-plus-before": 62708,
  "table-row-remove": 62709,
  "tablet": 62710,
  "tablet-android": 62711,
  "tablet-ipad": 62712,
  "taco": 63329,
  "tag": 62713,
  "tag-faces": 62714,
  "tag-heart": 63114,
  "tag-multiple": 62715,
  "tag-outline": 62716,
  "tag-plus": 63265,
  "tag-remove": 63266,
  "tag-text-outline": 62717,
  "target": 62718,
  "taxi": 62719,
  "teamviewer": 62720,
  "telegram": 62721,
  "television": 62722,
  "television-guide": 62723,
  "temperature-celsius": 62724,
  "temperature-fahrenheit": 62725,
  "temperature-kelvin": 62726,
  "tennis": 62727,
  "tent": 62728,
  "terrain": 62729,
  "test-tube": 63080,
  "text-shadow": 63081,
  "text-to-speech": 62730,
  "text-to-speech-off": 62731,
  "textbox": 62990,
  "texture": 62732,
  "theater": 62733,
  "theme-light-dark": 62734,
  "thermometer": 62735,
  "thermometer-lines": 62736,
  "thumb-down": 62737,
  "thumb-down-outline": 62738,
  "thumb-up": 62739,
  "thumb-up-outline": 62740,
  "thumbs-up-down": 62741,
  "ticket": 62742,
  "ticket-account": 62743,
  "ticket-confirmation": 62744,
  "ticket-percent": 63267,
  "tie": 62745,
  "tilde": 63268,
  "timelapse": 62746,
  "timer": 62747,
  "timer-10": 62748,
  "timer-3": 62749,
  "timer-off": 62750,
  "timer-sand": 62751,
  "timer-sand-empty": 63148,
  "timer-sand-full": 63371,
  "timetable": 62752,
  "toggle-switch": 62753,
  "toggle-switch-off": 62754,
  "tooltip": 62755,
  "tooltip-edit": 62756,
  "tooltip-image": 62757,
  "tooltip-outline": 62758,
  "tooltip-outline-plus": 62759,
  "tooltip-text": 62760,
  "tooth": 62761,
  "tor": 62762,
  "tower-beach": 63104,
  "tower-fire": 63105,
  "traffic-light": 62763,
  "train": 62764,
  "tram": 62765,
  "transcribe": 62766,
  "transcribe-close": 62767,
  "transfer": 62768,
  "transit-transfer": 63149,
  "translate": 62922,
  "treasure-chest": 63269,
  "tree": 62769,
  "trello": 62770,
  "trending-down": 62771,
  "trending-neutral": 62772,
  "trending-up": 62773,
  "triangle": 62774,
  "triangle-outline": 62775,
  "trophy": 62776,
  "trophy-award": 62777,
  "trophy-outline": 62778,
  "trophy-variant": 62779,
  "trophy-variant-outline": 62780,
  "truck": 62781,
  "truck-delivery": 62782,
  "truck-fast": 63367,
  "truck-trailer": 63270,
  "tshirt-crew": 62783,
  "tshirt-v": 62784,
  "tumblr": 62785,
  "tumblr-reblog": 62786,
  "tune": 63022,
  "tune-vertical": 63082,
  "twitch": 62787,
  "twitter": 62788,
  "twitter-box": 62789,
  "twitter-circle": 62790,
  "twitter-retweet": 62791,
  "uber": 63304,
  "ubuntu": 62792,
  "umbraco": 62793,
  "umbrella": 62794,
  "umbrella-outline": 62795,
  "undo": 62796,
  "undo-variant": 62797,
  "unfold-less-horizontal": 62798,
  "unfold-less-vertical": 63327,
  "unfold-more-horizontal": 62799,
  "unfold-more-vertical": 63328,
  "ungroup": 62800,
  "unity": 63150,
  "untappd": 62801,
  "update": 63151,
  "upload": 62802,
  "upload-network": 63221,
  "usb": 62803,
  "vector-arrange-above": 62804,
  "vector-arrange-below": 62805,
  "vector-circle": 62806,
  "vector-circle-variant": 62807,
  "vector-combine": 62808,
  "vector-curve": 62809,
  "vector-difference": 62810,
  "vector-difference-ab": 62811,
  "vector-difference-ba": 62812,
  "vector-intersection": 62813,
  "vector-line": 62814,
  "vector-point": 62815,
  "vector-polygon": 62816,
  "vector-polyline": 62817,
  "vector-radius": 63305,
  "vector-rectangle": 62918,
  "vector-selection": 62818,
  "vector-square": 61441,
  "vector-triangle": 62819,
  "vector-union": 62820,
  "verified": 62821,
  "vibrate": 62822,
  "video": 62823,
  "video-off": 62824,
  "video-switch": 62825,
  "view-agenda": 62826,
  "view-array": 62827,
  "view-carousel": 62828,
  "view-column": 62829,
  "view-dashboard": 62830,
  "view-day": 62831,
  "view-grid": 62832,
  "view-headline": 62833,
  "view-list": 62834,
  "view-module": 62835,
  "view-parallel": 63271,
  "view-quilt": 62836,
  "view-sequential": 63272,
  "view-stream": 62837,
  "view-week": 62838,
  "vimeo": 62839,
  "vine": 62840,
  "violin": 62991,
  "visualstudio": 62992,
  "vk": 62841,
  "vk-box": 62842,
  "vk-circle": 62843,
  "vlc": 62844,
  "voice": 62923,
  "voicemail": 62845,
  "volume-high": 62846,
  "volume-low": 62847,
  "volume-medium": 62848,
  "volume-minus": 63325,
  "volume-mute": 63326,
  "volume-off": 62849,
  "volume-plus": 63324,
  "vpn": 62850,
  "walk": 62851,
  "wallet": 62852,
  "wallet-giftcard": 62853,
  "wallet-membership": 62854,
  "wallet-travel": 62855,
  "wan": 62856,
  "washing-machine": 63273,
  "watch": 62857,
  "watch-export": 62858,
  "watch-import": 62859,
  "watch-vibrate": 63152,
  "water": 62860,
  "water-off": 62861,
  "water-percent": 62862,
  "water-pump": 62863,
  "watermark": 62994,
  "waves": 63372,
  "weather-cloudy": 62864,
  "weather-fog": 62865,
  "weather-hail": 62866,
  "weather-lightning": 62867,
  "weather-lightning-rainy": 63101,
  "weather-night": 62868,
  "weather-partlycloudy": 62869,
  "weather-pouring": 62870,
  "weather-rainy": 62871,
  "weather-snowy": 62872,
  "weather-snowy-rainy": 63102,
  "weather-sunny": 62873,
  "weather-sunset": 62874,
  "weather-sunset-down": 62875,
  "weather-sunset-up": 62876,
  "weather-windy": 62877,
  "weather-windy-variant": 62878,
  "web": 62879,
  "webcam": 62880,
  "webhook": 63023,
  "webpack": 63274,
  "wechat": 62993,
  "weight": 62881,
  "weight-kilogram": 62882,
  "whatsapp": 62883,
  "wheelchair-accessibility": 62884,
  "white-balance-auto": 62885,
  "white-balance-incandescent": 62886,
  "white-balance-iridescent": 62887,
  "white-balance-sunny": 62888,
  "widgets": 63275,
  "wifi": 62889,
  "wifi-off": 62890,
  "wii": 62891,
  "wiiu": 63276,
  "wikipedia": 62892,
  "window-close": 62893,
  "window-closed": 62894,
  "window-maximize": 62895,
  "window-minimize": 62896,
  "window-open": 62897,
  "window-restore": 62898,
  "windows": 62899,
  "wordpress": 62900,
  "worker": 62901,
  "wrap": 62902,
  "wrench": 62903,
  "wunderlist": 62904,
  "xaml": 63091,
  "xbox": 62905,
  "xbox-controller": 62906,
  "xbox-controller-battery-alert": 63306,
  "xbox-controller-battery-empty": 63307,
  "xbox-controller-battery-full": 63308,
  "xbox-controller-battery-low": 63309,
  "xbox-controller-battery-medium": 63310,
  "xbox-controller-battery-unknown": 63311,
  "xbox-controller-off": 62907,
  "xda": 62908,
  "xing": 62909,
  "xing-box": 62910,
  "xing-circle": 62911,
  "xml": 62912,
  "yammer": 63368,
  "yeast": 62913,
  "yelp": 62914,
  "yin-yang": 63103,
  "youtube-play": 62915,
  "zip-box": 62916
}